Week,Elective_App_WT,Urgent_Scan_WT,Objective_Value
1,6.914272886785295,2.7606481329703367,0.3478950676720134
2,8.912898623222423,2.803799958708437,0.36458629674075343
3,15.562657615716853,2.853591018895664,0.40970053552640423
4,15.77484681557836,2.338667176626011,0.35374980622577723
5,25.202502811242013,2.811874140919011,0.4624453577880767
6,27.229796149081963,2.239306442630989,0.4108939468940105
7,16.21873665738755,2.839548397591441,0.41204547666127644
8,7.5431267607894545,2.6830504740689363,0.34301628339331103
9,7.3790422883467,3.4954881144212075,0.4323104390329915
10,6.436896525519441,1.9624873042093263,0.2563690051830964
11,10.311433656194218,3.5840793316702597,0.45960861813912135
12,11.06302462766436,2.816050289423214,0.37874581367201
13,10.257467149923876,2.280167998385629,0.3144083519035056
14,18.663913972240685,3.4239871058824187,0.49153773778995535
15,12.677562131500457,3.3595331707511282,0.4487431427709614
16,7.45771721566299,3.4819318117212372,0.43127248631622667
17,8.795647780691466,2.7786405805217247,0.3610928885938313
18,8.04513375016253,2.327051754861547,0.306449006989552
19,9.43177149582788,2.6682854934041456,0.3526176629327694
20,5.55384152318328,1.6925647904171752,0.2211213349859358
21,8.173041500919416,1.9520549785683003,0.2655440541717918
22,16.198799606135847,3.5559800717153114,0.49153032308425587
23,29.477708555722465,3.514418362289541,0.5659534800702017
24,37.65170990165191,2.2416349626521033,0.47318787224895537
25,47.51224109753345,1.6006417099481887,0.46066003779702164
26,40.95176078340574,3.204122514952061,0.5997740936260567
27,40.54039899411814,3.1235612809956246,0.5883742633295821
28,28.744602766077886,2.5910921212355604,0.4589979505702877
29,12.314142374425202,2.3780758904885393,0.3375291210131623
30,9.813453032093753,3.474209032355408,0.44443663672258743
31,10.539541129042943,3.383907501827752,0.4387250862886566
32,8.832643027826025,2.916269956028661,0.3766052512323077
33,17.11604750403414,3.073887834769535,0.4434243278952309
34,10.314366799194447,3.341029756061677,0.43262056892269296
35,7.778559943660255,2.356280303919806,0.308109874703353
36,9.477640899288694,2.376244846358451,0.32044173431337175
37,5.486181891809294,4.262862850841213,0.5063072724653488
38,7.55478981197103,3.5265816061862387,0.43681138766337785
39,6.412201220288366,2.938656296738247,0.36468523071072795
40,9.459358668122311,1.526294675876734,0.225894003677508
41,11.36601969177679,3.0603534761008233,0.4076941542400327
42,7.577922715693331,2.317463319251593,0.302602607192796
43,11.789383154562781,2.6470648918914557,0.3642932210508132
44,15.29688135666413,3.3717357252096907,0.46569016801931556
45,8.526669314593807,2.3786063637098818,0.315043579983204
46,11.274929912165955,3.230298957527376,0.4260347844405375
47,7.929012748728707,3.4013925309675823,0.4251290078975609
48,7.036284708880844,2.253696369418202,0.2922933547898052
49,9.391720206781352,2.2346309353810914,0.3041954226223912
50,18.549373142542404,2.514061386926424,0.3897530894752122
51,23.293919046056782,2.8525533863406927,0.45560465629612923
52,19.713693943906794,2.876643560377122,0.4369704785969032
53,17.589901142314883,2.7667015204232333,0.412113072560805
54,12.569512147818623,3.228408466903292,0.4335305765675401
55,12.316908909767486,3.1600789409094947,0.4244348163099884
56,7.436826305334884,2.6235558135741313,0.3357730247542778
57,11.769242502681251,3.142439429183961,0.4192149514729079
58,18.424375790557352,2.295545906483224,0.36472955979113614
59,43.02986290636701,1.5950081779380267,0.4333532672294256
60,40.817079897346595,3.8503427297824087,0.6707746677774894
61,40.122035180361124,2.7591295401974714,0.5453915868891701
62,40.9448260979174,4.029806625375442,0.6914754946721764
63,29.248483220198665,3.322575922667459,0.5432732169245509
64,47.654119816831376,3.065529728238561,0.6242698893489158
65,22.73187416786484,2.0494179149514204,0.3630218764699882
66,9.690462575297683,2.2400492394490468,0.30657568479174535
67,10.469241676480097,3.151018696546677,0.41243010324613927
68,9.680597811031841,2.203717139113127,0.3024800659195052
69,13.933961219926807,4.428278340130574,0.5749711720378821
70,7.22322431694027,2.768134603173927,0.35056589430269985
71,12.433188637867726,3.678173514488487,0.48269302127967945
72,22.633925269229536,2.7936004438299107,0.4451257949646103
73,12.284166856059768,2.9017226233288307,0.39553366562419406
74,6.114110693183789,2.298357583447895,0.2917665808583998
75,7.181296394436607,2.486833719048319,0.3190606695436819
76,10.807157119218665,3.258194064914748,0.4263498789541307
77,18.88670488249472,2.4624873941027503,0.38603057285166303
78,19.915812640942775,2.4798772961441,0.39408842560892443
79,17.769129109447185,2.4862940522984096,0.3820235203512946
80,24.41939689877147,1.2700615440376286,0.28647150230639207
81,29.970448906978124,3.344713705436292,0.550030385367791
82,13.416148072829946,2.78937249491366,0.3897883014556643
83,14.577168886950826,3.2417697588821537,0.44696550229812115
84,22.605237077262853,2.6407844149426594,0.4279754731519394
85,10.615182048954653,2.2643149129798825,0.31477615332090747
86,8.847335078086381,2.9635701128071252,0.3819482768878138
87,8.49088941389313,1.9661945783507415,0.269007072677224
88,8.901158687117892,2.0827496923950606,0.28439971991166085
89,19.186406040861954,3.004748195161616,0.4480657084357864
90,38.40553054977353,1.6930593763971309,0.4167220569991268
91,43.38240917801284,3.0028848062965454,0.5918824934258831
92,51.878137011150464,1.9559833553437422,0.5261299185172638
93,44.55261906335483,2.8913502347045044,0.5864552982807871
94,21.532907876505256,3.043917168795276,0.4663850894485143
95,14.733024678579289,3.032595517695392,0.4246516329894441
96,13.627278528414095,3.1546514143614,0.43163157696325527
97,20.998318435677245,2.877507164607053,0.4447130089782276
98,22.223235350187643,3.034824605568495,0.46948389675079094
99,8.752122086536453,2.0785365095066712,0.283044465857109
100,8.236280790267818,2.9058757516746243,0.371900564413854
101,15.4616404365105,3.318093868894808,0.46071067057071574
102,20.955303929747707,3.5313079947547634,0.5171015069355354
103,26.3645099498519,1.7979793740912102,0.356707092854491
104,22.416387574299613,3.769904440984154,0.5523091496389115
105,11.000746063328174,2.133346563883025,0.30251913842744826
106,14.408828323794024,2.2306500684469848,0.3336168428658992
107,19.182196943998854,2.3254731085673614,0.3725656446662079
108,11.675420878327891,3.9286958463297728,0.5060183135504979
109,17.664295188521034,3.2561720377028163,0.4669415072954778
110,14.63390150144328,2.950945569658015,0.41498939762932274
111,6.226207120440628,3.5283808922025464,0.42910307802512787
112,10.010688589643221,3.773456216099228,0.47886034498112384
113,12.933281963781806,4.0873552027634075,0.5311343992978099
114,9.399005972089125,3.4409578219661707,0.4382751110047082
115,19.858835289935723,3.270717195680566,0.4816203746585691
116,30.47263731912474,2.9521773551548725,0.5094044520754902
117,18.601928167126847,3.0537427310434344,0.45003051079327944
118,16.528649942790718,2.7470628707508418,0.4036140289492446
119,11.831368229692053,3.6275362807740184,0.47348439764369277
120,11.692962174109038,2.9736747853764625,0.4000092748083512
121,10.919153048944718,2.780655009334212,0.3739566263284722
122,10.098063896169089,2.6716901160181923,0.35696198052683736
123,17.053830472265243,3.761731972294834,0.5194811148121159
124,15.73266255394334,2.5083431451336544,0.37235159482006874
125,24.374768144986085,2.688740569361302,0.4438368577761729
126,13.122534095058533,3.278722156149281,0.4424127837887606
127,8.507121513313125,2.9472322879269957,0.3781078822695459
128,11.354535481744133,3.513501218802063,0.4579755450360078
129,11.638077048246315,2.2561591388315705,0.3199586169033867
130,20.364217302242796,3.411476425389785,0.5002685153344372
131,27.022876099346007,2.0541848223197,0.3890932110078199
132,23.1990307927379,3.4186328826295096,0.5179375670743378
133,23.65662249624425,2.349068112629022,0.40182079721420233
134,29.54500821013346,3.364335143071525,0.5496781600047733
135,20.713554549984227,3.1136093977445563,0.46925156730882506
136,17.38153260130515,2.539603414240234,0.38563966071700106
137,5.768770240806035,3.2236776086208265,0.3925243190579055
138,8.844588205502205,2.980694727741998,0.38383466144852874
139,7.078141726712572,1.3401908947024588,0.19104189540372105
140,6.835461256076598,2.5480349238050026,0.32380226091529746
141,10.069674026197468,3.406985076509488,0.43849243326016607
142,8.165760730133215,2.1389641985927588,0.28626840736427406
143,6.772216154252621,3.4729314385252525,0.42619208138923015
144,7.53335149474989,3.061466633866075,0.38500433726339256
145,7.535639818350959,3.134057104904623,0.3930835661303805
146,13.855014705439189,2.9223508859091067,0.40717597961751495
147,10.16802795676233,2.3834130025799025,0.3253476428864316
148,9.911147708495168,1.6703420761264611,0.24458849085033196
149,7.166103594263719,2.696457819459381,0.34226180292165964
150,11.447721442078315,2.6826416327972034,0.3662124915930125
151,15.656922214059174,1.9309886890832326,0.3077502643469019
152,29.928831141503302,2.9428167403602536,0.5051274422315161
153,29.9322793645303,2.4058589139650177,0.44548598665799977
154,34.579956122523555,2.510093756264723,0.4847323784095142
155,13.822983976213482,3.3730998350822317,0.45706853708977263
156,9.14463577539287,3.3663299165250917,0.4284690131975868
157,7.844880916418985,4.234930659234264,0.5172435707666185
158,8.081577772520895,2.529560424943355,0.3291668990364892
159,9.875978603833387,3.6300773436467293,0.46212751399943847
160,6.436369163276626,1.2681512035787434,0.17921741049650697
161,4.631623089728589,3.321781792799848,0.3966560509245581
162,16.648983372769546,3.2158810141401175,0.45642120418681587
163,34.38272046233684,2.042949469051597,0.43165343582123006
164,29.805095722346607,2.896552724003934,0.4992504756175796
165,7.466221980211626,2.748324848335523,0.3498112250940955
166,15.74731418908467,3.11342136639434,0.43966972040741475
167,21.994011730773735,3.529303663441882,0.5230615879862432
168,9.888197735167184,2.1937996603186405,0.30261383766536787
169,18.500946500941957,3.326924540680641,0.4797829638510749
170,27.760553301420494,2.5925403659481936,0.4533014293598419
171,30.323421999506973,3.474978844819245,0.5666053200563465
172,32.77401932576315,2.1927784308328477,0.4387254962379542
173,12.624946183794963,2.7224636598370484,0.37764445139337216
174,10.724482266236537,3.4283889305735866,0.44476830736275885
175,25.210925668431653,3.4713011067647557,0.5357651567145263
176,14.313612314103251,1.888162319546612,0.2949958865811905
177,8.149468450431206,3.250745086143889,0.40970263923680833
178,10.253354361418891,2.825686233494278,0.3749970082538417
179,29.79709557399402,2.894967552219596,0.4990267254886497
180,35.16141807489137,2.213023796309581,0.4551856881309735
181,41.53032796945577,2.974895453147943,0.5777482723901827
182,46.16015308933384,3.548102741228482,0.6689964539222153
183,40.06402090605509,1.8664503575464253,0.4458596879777085
184,51.30931720654689,2.080195081205358,0.5365453892205172
185,30.434038667799623,2.3520171852838754,0.4424902348795553
186,22.63044691307013,2.9596777862335375,0.46355812850850886
187,12.737920579905367,0.7133095880343342,0.15507757672547384
188,7.129066787132014,2.7791658192008764,0.35123112348540697
189,9.25109730082557,2.8480254031971537,0.3715133223839629
190,15.85006983746317,2.5153635897788673,0.3738304971031866
191,40.30888857100003,3.1459510798216996,0.5894839805218557
192,44.56432081431911,3.145139456455858,0.6147237539771535
193,55.04787244094218,2.4690477168225717,0.6020045425890685
194,52.06192285295005,3.3294501957506872,0.6798313085731917
195,46.5841464399463,1.8719690799070865,0.48528315038618197
196,36.22709489163572,3.421104517509958,0.5957601937608429
197,31.32125638973263,2.3649512955863607,0.449208416115147
198,28.467278444331647,3.3472359758385597,0.5413631944046712
199,43.199696874497825,1.6382708894271416,0.4391711516496297
200,36.05035340315794,2.9247532597834827,0.5395580213439461
201,39.10571594599105,3.5815689617726036,0.6307242255897598
202,37.86961418124593,2.286981570215329,0.4795234334837226
203,17.564178616109523,2.4110776625887618,0.3724462003041651
204,8.174934004146548,3.604624293904198,0.449174131887053
205,6.8327363590474635,3.221177553539521,0.3985796668161817
206,8.951288276074468,2.196467520140541,0.29733342451605893
207,17.546510244179657,2.3765971013046623,0.36850985794761915
208,29.265699082047334,3.7394575068498916,0.589695868312968
209,34.74409121121992,2.829902095800038,0.521243632933456
210,18.647707095462028,2.669812232956494,0.4076440601824399
211,11.08084599178569,2.638995866272825,0.35917917953697476
212,12.541289454662445,1.912779805842734,0.28718162200631037
213,18.279681334336065,2.8676137129262838,0.4274313728707938
214,13.405078617667154,2.5536545551405463,0.3635315296445874
215,16.95310076682037,3.1152518321865754,0.4470504065533915
216,28.700205844917384,3.603612430416085,0.5712359397580414
217,28.566516172736605,2.5472318897632373,0.45306455227172837
218,11.885118881904638,2.2717464998720693,0.3231610330129956
219,12.05017463901981,3.09188940484395,0.41527049719904885
220,8.298790328398434,3.4471086974482406,0.43240963897281104
221,10.049494356694376,3.7375204067932217,0.4750984639890943
222,12.059901572492063,2.7483389336241433,0.37715612103259566
223,13.04023033319369,3.345663867017639,0.44936084831858897
224,14.110422285669893,1.8842881326428353,0.2933559569146993
225,6.948683966566129,2.404822995223326,0.3085637691115171
226,5.666464246773582,3.1312659736129085,0.3816473953623881
227,10.198314291026765,2.619202231628478,0.35172672191324417
228,8.217837954208976,2.213249039636713,0.2948322620680215
229,12.049957649756143,3.252411705661737,0.43310501679826524
230,11.373836749584314,3.5020357894762397,0.4568164969432983
231,7.687762936935968,3.578616891377977,0.4433845927142353
232,10.738893793836137,3.4970770627896095,0.45248610495580666
233,25.492846065355454,3.3314290488290053,0.5219019145446242
234,31.70322133607847,2.2091197527376902,0.4341674011141787
235,12.714063503154778,3.9291110917908796,0.5122468485114158
236,9.419667383850284,2.676680357502915,0.3534783773248295
237,12.871889280250842,2.9908155387769897,0.40893122621480943
238,12.285765473147515,2.796340363835827,0.3838340412584303
239,9.289476422181636,2.9869955324897073,0.3871828950118422
240,11.796890098225624,3.605364747789567,0.4708156670057393
241,13.967821003400562,2.7892856330931517,0.3930624175861472
242,24.266995884865207,3.030213921047482,0.48113683974852106
243,10.345248928976975,3.2424260795977284,0.4218484270722296
244,5.249255955005641,4.017509202253669,0.4776354825222666
245,9.046606835987541,2.3165933449521523,0.3112481107644507
246,12.609109685172426,2.515599282143359,0.35456525566576463
247,7.1871664895951435,2.892906015889308,0.36421475467973546
248,12.312866766814453,2.7727176680550136,0.3813706145069923
249,7.068220030044459,2.4288496328538813,0.31194491970228316
250,7.935830516151688,2.6518937516585934,0.34189194770106407
251,15.391322563724055,3.1761650205467773,0.4445222397654597
252,20.750131662642637,2.3438839675605476,0.3839442404192829
253,16.073681463208953,2.751258350536017,0.4013720476580234
254,10.68004780272009,3.014433382321075,0.3985087555915486
255,17.476290487902766,3.2560021841376217,0.4658035590782046
256,21.581816974074957,2.195934266584534,0.3724558925614261
257,24.56534888869339,2.872956274731409,0.46543967867269653
258,23.55229482198427,2.7272112615816897,0.4432157045923163
259,15.637321413892538,3.997088211978474,0.5372002065723653
260,6.138633021191424,3.171554409488972,0.3889344166566601
261,6.0440764181970135,3.3771169252887137,0.4112118592673789
262,6.99545838526624,1.8867611900326489,0.25127976547148223
263,7.659664529582047,4.2082423384153325,0.5131757232936602
264,8.848096445516772,3.00561661559131,0.3866246424794914
265,9.217734009766822,3.9637902899012354,0.49528860766620963
266,21.387174833159314,3.5648665703211404,0.5234008976933765
267,21.09034654216264,4.203951205555354,0.5926434665428328
268,14.076272622124982,3.3797254680883495,0.45931238904627486
269,9.976816984566508,2.641109191142347,0.3528423921779186
270,10.177551007037883,3.8333461239794047,0.4865080078650006
271,15.62794797031338,2.9876281787048202,0.4249821863460517
272,10.864984912929758,2.0929931837542357,0.2972273274385446
273,10.309534755730256,2.441346727531937,0.33262702581146675
274,6.813566715179419,2.0716170548410338,0.27073661749332567
275,10.184801496984768,3.0294596772357973,0.3972304492384106
276,8.695212118939981,1.267560208104945,0.192597238116462
277,6.755580975950463,3.179199664313255,0.3934561986694319
278,10.389330496298191,2.8800213807153785,0.3818436285891979
279,18.46541543215711,2.20632594996285,0.35506051486982326
280,17.96837802081083,2.712335237357334,0.4083252130048476
281,9.536649187690152,3.2630916865381874,0.41933151192303364
282,15.801530968481591,3.5781940000499324,0.49163384307190666
283,14.695053646225626,3.1582560597714404,0.43838789739261413
284,20.94267624532548,3.7559249884191117,0.541983785887791
285,23.592209223131793,3.198066459347517,0.4957705345096356
286,17.311222651067897,2.641019193312242,0.39648956900533583
287,10.95419238646104,1.8203394711122172,0.26746346734457793
288,8.070268627919171,2.3071047057155556,0.30438228056315203
289,6.949829535704308,3.4067465286422904,0.41989542502198646
290,9.39719527856294,3.422562705817637,0.43622043127277077
291,6.864869349966193,2.2990250627487727,0.29630954675363064
292,6.703683319751711,2.0645807824548337,0.2693007416204877
293,7.455708880314717,2.2676185216008102,0.29633683303688396
294,8.05824630989578,2.269978099221027,0.300185540646954
295,13.48273916092759,3.1877088645868525,0.4344442736104097
296,14.870084001615039,2.703112870261935,0.38885827924506644
297,5.426597320601397,2.5955796028190976,0.3206989081739557
298,5.887186853514054,2.99942425581561,0.3683121406472546
299,8.697299205427692,2.2823399775003055,0.30536296896091303
300,11.208704090587545,2.3626014057657465,0.32922974403699296
301,11.896891576188233,0.9963430237134437,0.1815196112232491
302,12.454621136131506,2.0713678069146053,0.30428662816589763
303,21.72579344012083,2.692043422719787,0.42843613490609234
304,10.273829000234056,3.2007115328383313,0.4167883588088268
305,11.632784981424342,2.734411717170313,0.3730662918766082
306,7.937019087692929,2.444012556430725,0.3188011119507924
307,13.601254961431405,2.881254431508925,0.4010992322396706
308,11.144069776880883,2.8223729939982776,0.37993074800505194
309,7.986659906525531,1.6203567568327264,0.2275792819488279
310,16.827315433084884,2.5648218138752314,0.38514279340529284
311,15.485619499461265,2.8215982102461252,0.40568721879398173
312,13.394526097936257,3.0016757408371717,0.41324884877121104
313,14.107194258801096,2.013873835800789,0.30773515393104656
314,10.946639772874864,2.0929220472033907,0.29770546421034616
315,10.806464173206914,2.7813204492753534,0.3733597969822232
316,26.455795764309492,3.2206431729560463,0.5153242162271172
317,18.986466968946058,3.1374595362104256,0.4616212994734563
318,15.55039970240425,2.953005213121043,0.42067359333728405
319,16.52982439537281,3.5156705223601543,0.4890218699172362
320,18.68676323110839,2.4701514789753576,0.3856920089602087
321,10.856147877793088,2.4313770641692454,0.3347729349739226
322,11.40400783524111,2.000791510768442,0.29019116688245256
323,26.38999369320451,3.687321276627983,0.5667856598626598
324,29.989825596268798,2.2466847649967385,0.4281425071996503
325,26.278077984957175,3.0109412892989735,0.49096616300717066
326,18.807439251439963,2.553516909675252,0.3956731442383611
327,9.420485118799919,2.8521030315566427,0.3729746530229598
328,9.798945607561043,3.3759763401184437,0.433435539423246
329,8.03827115584617,2.958968418125671,0.37662112079876203
330,7.620514519272474,4.416149152425359,0.5360434446302332
331,10.267276724878755,3.079850093271075,0.4033203083290009
332,15.69322241295248,2.8540142458661313,0.4105247321574619
333,6.673901711515171,3.4833635993689884,0.42676600535557313
334,9.108840626865831,2.9671172097234484,0.383898979414902
335,11.276202150013733,1.4569024203255054,0.2289982975957728
336,16.619859606165456,2.1775233621876007,0.3408747759940516
337,12.048362315697977,2.272166150707682,0.3241793479895319
338,15.972336812190806,2.4105807655919236,0.36291574069388916
339,17.81124411471048,2.515608129930026,0.38553132464327955
340,13.776646569410582,2.7799119208211613,0.39088295094090625
341,23.96946645986985,2.884057895996939,0.46312627292745656
342,27.55728185775539,1.9852066281859455,0.3846099538723792
343,21.818118127977716,2.8174438055305235,0.4429190624873859
344,14.255314274940861,2.02197256432069,0.3095166794182167
345,31.466392543365078,2.777348551083044,0.4958942390689398
346,14.087380608177032,3.1680710928570424,0.4358613552073918
347,9.507168185158342,1.6474433207013928,0.239639544672129
348,9.664692952029185,2.877031792407968,0.3771981333947098
349,14.21207720637273,2.335549719027436,0.34410122199336235
350,13.609096928512415,2.371399645155114,0.34449537879806275
351,22.026721966967838,2.147998577937405,0.36977794893928206
352,18.8367622843619,2.2899685788219135,0.3665645382283985
353,10.745981639272351,2.5642831231762497,0.3488845234438235
354,22.735164405839,2.8061862710313377,0.44712683411760296
355,34.02007335942616,3.2449410464551987,0.5630494418249397
356,34.88236823733993,3.304889001154171,0.5748430332870106
357,14.658787252746787,2.554391549544994,0.37107596931103176
358,9.678461587080644,1.7939903615757993,0.2569421527966006
359,5.2661500924066,2.8116289579170015,0.3437493490487537
360,10.213695681646904,3.050591991262808,0.3997504733247182
361,8.762184464013595,2.2749646133291987,0.30492970583030937
362,10.323814283899729,3.8384470810030105,0.48794539561084876
363,19.525217559722382,4.545168319079023,0.621240235213477
364,7.61824593878374,3.8705207475256147,0.47540456285274924
365,11.80156185273572,3.2076098699362983,0.4266484886401585
366,13.916738425808186,3.678824068510686,0.4915959585595694
367,13.732749173842725,2.9473568931683767,0.4092266538471374
368,15.418204339974006,3.368662342961198,0.46607084171775615
369,33.764954607261274,4.054372681211507,0.6514677261302146
370,36.4505867443294,2.1034964662607205,0.45068960782458045
371,44.69511767586317,2.3856816111151486,0.5311181016865829
372,36.03758646438635,1.8152816755797037,0.4162074071936953
373,14.7136424707959,4.086792877016885,0.5416693026296294
374,8.694001787222852,3.257520252778619,0.4136967053914111
375,8.471788347778784,1.7877075808825422,0.24906148724753713
376,7.419498482673459,2.3813908390231524,0.3087626635581685
377,7.051279121333678,3.107839933687088,0.38728744771920226
378,13.667393253347347,3.398753287221322,0.4589927854056271
379,12.839828917089504,2.1548232087250234,0.3158523540473608
380,8.232079843055581,3.236310889556566,0.40859057409590166
381,9.119978970686441,2.2547189583944354,0.3048099178217216
382,8.724510929496159,2.198377907534601,0.29619582462386135
383,8.293695940001403,2.864886739255909,0.3676879865443157
384,10.641199147839226,2.126861153198975,0.2996583770290878
385,10.741725033972145,2.7793429857257714,0.3727547267907929
386,9.437370796696353,2.317993683119625,0.3137296798507699
387,12.379899621457099,2.6502709963158178,0.36816443384535136
388,17.30729825899987,1.9157783429486046,0.31588389282166957
389,23.213896176178725,2.607922533488128,0.427947123817205
390,11.388210625376987,2.814652384305542,0.38052612181992324
391,22.07496333215182,3.008157454295705,0.4656383084067756
392,24.17568564214241,3.91313125701976,0.5786952526181226
393,28.865809286884385,3.147560767346375,0.5215492675239091
394,19.927919606326746,2.714019465205224,0.4201762874414142
395,18.525323639151015,2.9763830834515455,0.4409790150609912
396,31.57473042115087,2.6997150012017386,0.48791315740228164
397,30.067965629161748,2.873179082596537,0.49821810617637163
398,25.570589571927737,2.2095985697002245,0.39771684249800754
399,13.47819140165309,2.3315436020904845,0.3392877300040206
400,23.857281062522194,1.6939505207195278,0.3302243498965479
401,13.197757241244542,2.6564588066040296,0.3737201684396017
402,12.203385322352423,2.6927169894553997,0.37182997495349135
403,12.22285529970212,2.7426676497231197,0.37749594103889095
404,19.50884854300871,3.636304212026064,0.5201578998065193
405,8.768665850233994,2.1611414728684153,0.29232126990343893
406,9.611873670768038,3.247833884680566,0.41808396538574566
407,18.96365432255197,2.302182092089665,0.36867690500928
408,35.74971998511913,2.532095239772746,0.4941398678226808
409,29.636343600163848,2.6338955575782097,0.4690618690969668
410,19.67945262507949,3.0301803057725607,0.4538262996002021
411,12.423947684361513,3.070171454775861,0.41508223119153326
412,21.94577956908454,2.7164750988854065,0.43246020683499276
413,22.839426160518702,2.0635561922987935,0.3652329866077153
414,9.61048716433334,3.6640609438487584,0.46432316338994145
415,20.1454707661237,2.632815294071984,0.41244854913968687
416,30.64068713947683,2.3214821639389145,0.4403275051567652
417,25.912698849014557,2.8206890035781953,0.4676521443401242
418,11.505385691300571,3.9406337499142476,0.5063326330736103
419,10.88927321968673,1.9207744560479332,0.2782364865034612
420,6.906062183677329,3.166198592706564,0.392907356632142
421,12.389631273687474,3.182774141603376,0.42738937648978464
422,15.614250189896993,2.5076054799178533,0.3715647965180372
423,13.422894333972584,1.6914093188215766,0.26783254931731354
424,26.745149442396965,2.597026583077207,0.4477558273403065
425,39.92149586071596,2.701673245464968,0.5378138677146549
426,50.27439193422158,3.230685911667822,0.6582174342382197
427,48.01683095409715,1.9844647053102586,0.5063105483326704
428,44.502088702685136,2.505241886575763,0.5432535947545598
429,14.00215967033909,2.738972800146272,0.3876764996412867
430,10.125517008321301,2.6110488553792086,0.3503874740599198
431,19.855329454996205,2.091621322958729,0.3505888540688044
432,15.394394188190166,3.029231157049889,0.42821453841143703
433,12.934342820240978,2.8132557950500883,0.3895741130625553
434,25.48821426066796,3.692698547121144,0.5620153996444205
435,23.54563051987564,2.8901870768559896,0.46128446004675067
436,19.34958607711083,2.387879595358923,0.38049606264173047
437,14.241474738666987,3.98540821225531,0.5275938176632903
438,10.797002211009534,2.6045340459888178,0.35366054208016345
439,16.3112193077935,3.0584798928208277,0.4369216903201326
440,7.334156227433323,4.437364392932101,0.5366961799335269
441,6.915145384405174,2.513981045872332,0.3204928069882264
442,6.182805812257641,1.6591628592020096,0.2211538443493759
443,9.327244665445324,3.061849399294333,0.39572480229527507
444,15.071628164810766,2.6890159821041424,0.3884916259767148
445,9.71502247873325,2.922966899336164,0.382601614680605
446,21.15401587611545,1.8379457471825182,0.33013295529874476
447,28.842861846730475,3.6171806516415015,0.5735926627621339
448,43.030898360825056,3.1998077034667465,0.6116704890408987
449,27.15121088417936,2.773595516971072,0.4697916301645201
450,7.929178043419348,2.8063217434229952,0.35901101540068603
451,6.21716667640436,3.295981535619367,0.40322711512678094
452,6.550578949056635,2.9941100353544563,0.37167043418059414
453,19.410252107528844,2.5077869128904444,0.3941802052469274
454,26.981101370857044,2.8015671265308595,0.4718870301553556
455,19.411348034081502,1.761962232590837,0.31131731969708604
456,9.816820813497072,2.4072675724455532,0.32590763193936945
457,16.071434356798196,2.2816390881343227,0.3491787539799933
458,26.687920784674322,2.316920175534643,0.4162922463967519
459,13.459004645320078,3.2117831061427067,0.43697791246022183
460,8.050010779610036,3.369171831232993,0.42226915652356684
461,11.952849425488461,2.7884802255049026,0.3809790494141665
462,8.115201625868812,2.4274945660973626,0.31802639003781497
463,15.250048464363184,3.0343057561191262,0.427919182015398
464,20.815709835752337,3.7157334752037077,0.5367623097592552
465,34.62302626380613,2.6043169891985056,0.49545799640185456
466,34.766689757628455,2.3787091131369698,0.47124559446142
467,33.563324035631894,2.270561305049176,0.4520662801381935
468,53.93736659806927,1.1964661964054706,0.4539964420494328
469,68.85299796197204,3.0733720843651637,0.7513250607348516
470,94.38723782937703,2.8761923599792376,0.8814057254900166
471,84.83937455300591,2.6340446865346583,0.7976679089384099
472,95.13971344976143,2.935531368132987,0.8924779701681181
473,97.25139641615515,2.6669888618926816,0.8752094553858246
474,76.84497938441541,2.5806814798098894,0.7441529782194445
475,80.7188232222577,3.0611881611901066,0.8206012037567838
476,81.760176869427,2.7385341790639663,0.7909492949124268
477,58.64159906228446,2.3514424627735924,0.610328522028124
478,46.58949233398869,2.4099591555833157,0.5450916462591899
479,8.431216265823258,3.5305495688709354,0.44246909653619476
480,7.186143610085179,3.6037870576841926,0.4431954485328776
481,9.44380217187109,4.028732751487143,0.5038500805533597
482,7.866440411167948,2.4486519976911763,0.3188964942543843
483,17.576187404377485,3.5303362616962173,0.4968797477542075
484,30.826274555114587,3.538895452961281,0.5767003353793164
485,24.379394944215115,2.126263486127318,0.38136694455510944
486,28.297102334833156,3.498430868272672,0.5571496738646211
487,20.58355721190513,3.1820700224102527,0.4760845097037491
488,13.909280607021282,3.0770337073446394,0.4246859710959596
489,25.862333363341946,3.457765784243832,0.5381386587453976
490,28.67505951168519,4.425502066716931,0.662407329903182
491,24.920610311963415,2.8783520777981404,0.46815386367576606
492,11.403973238220614,2.61822949023706,0.3587951808887643
493,23.109909610818264,3.4679585264170103,0.5228877109361257
494,27.877301927930457,2.6978203724103653,0.4656941401562933
495,48.11750816374324,3.549775868903654,0.680833280059195
496,28.99696802087875,2.0349812688856237,0.3987100300004587
497,12.492194825433247,3.576532775699966,0.4717508331656703
498,21.114119194473457,2.6705523917017797,0.42240732444190476
499,37.46856476320757,3.9505412013692665,0.6619761935839317
500,50.35528365255764,2.513632894495997,0.5790263750981126
501,46.30846612579212,2.6488539611700967,0.569962738497821
502,23.974063273207307,3.141507420168143,0.4917591375972975
503,10.303922100764426,2.420710748581928,0.3303007306009549
504,10.573364431635058,2.5290136791643465,0.3439382129525964
505,11.663327044546996,3.7778912350115688,0.4891902585204143
506,11.347356731506705,3.5506895776633467,0.46206485425330857
507,26.38814325756147,2.503941257230169,0.43528797654280527
508,18.797433088374493,1.6647682861707473,0.2968637366878677
509,7.886155713688572,2.5331038703279707,0.32839738864966683
510,10.370522801052125,2.794975463269994,0.3722821316394366
511,12.411369782606968,2.0687634646945856,0.3037398082752335
512,10.766124605845583,2.850836205797607,0.3808436534567515
513,9.47955263206035,1.928295018208864,0.27068091054737586
514,7.921218428762817,2.1292805905320034,0.28373684197635046
515,9.132265205626203,2.6108968774042225,0.3444583745069743
516,10.98247676636673,2.7591666846872482,0.37194596159044857
517,20.57778376368017,2.780640703709431,0.4314468863070806
518,42.05482724922402,2.2669401380971794,0.5022085902403057
519,46.151158905463994,3.6390611948529576,0.6790494119606301
520,37.252299549369354,3.1610891037492714,0.5729720009088636
521,36.114044641467935,2.4071539437094582,0.48242610073836
522,21.343503001129225,3.6152830787843637,0.5287427805859366
523,23.07495333985484,3.121324849141954,0.48416478486411496
524,23.335373786783144,2.4097489256930413,0.4066509150776979
525,12.931785399933123,2.456660354691288,0.34993717472720537
526,19.782121484256734,3.1123955743569507,0.4635724536046814
527,18.226505087856722,3.335817110828598,0.4791374473610548
528,14.212344825533327,2.351589788705324,0.3458850449287661
529,23.098399536488984,3.0293145385912634,0.47408097771940017
530,29.90960067265904,2.642140556564251,0.4716045102888396
531,27.226829794912376,3.3669458534860035,0.5361695578967328
532,16.25285636422448,2.4007662908043286,0.36349500273356317
533,25.18963364416003,2.9437184188303913,0.47701811981544046
534,18.06692084947782,3.0467275000530907,0.4460664733162828
535,6.800367938509803,3.7859213306600026,0.46113630621525703
536,7.655045675327494,3.13865120104653,0.3943047704059288
537,14.115179497880742,2.648328237739546,0.37827761866479526
538,39.45227392771025,3.3704653140269434,0.6093311098584119
539,25.11100854635225,3.3091616063345173,0.5171549118924399
540,14.372379270215408,2.2076761880127065,0.3308472308320591
541,7.081476427495746,2.950685289417222,0.37000556644811844
542,11.056192878090165,1.9605347314104578,0.28364786427233357
543,23.17775644351751,3.456137298048094,0.5219780913119956
544,21.77549272823191,2.3398876102992467,0.3896035403997094
545,27.643420468208436,3.4111456958577118,0.5435603578822562
546,30.5421070395889,2.93718560974552,0.5081522128264202
547,21.764232835720616,2.395006834418822,0.3956608754655077
548,26.043825522593313,2.9530046846342843,0.4831344025938489
549,30.328236766890164,2.654453468933852,0.47546449317652023
550,24.004865373264252,2.2551878366713223,0.3934625297091008
551,11.960362202526378,1.8452403101120003,0.2762193332814507
552,14.704517666006847,2.7995927955033895,0.3985927570361316
553,32.16486809362102,3.700328338415192,0.6026051413335591
554,31.434744180857482,1.9384222279021563,0.40249182004978806
555,42.758136056567594,2.8016519052585838,0.5658073707622688
556,32.830885923167855,2.0270390100676026,0.4206484966930343
557,22.643360105503312,2.946292189597666,0.46214770423408574
558,20.668472079911247,3.267669301447958,0.4861009863508321
559,19.478704587067956,2.970056505860982,0.44595094859011675
560,19.549830170130562,3.198826751081799,0.47179323129161194
561,10.669428506918061,2.204206065079401,0.3084202880261917
562,19.62990951965497,1.97095100668668,0.33583925582027574
563,17.692501954570453,2.002149209103148,0.327773534868031
564,6.40965720254946,2.650951218366204,0.3327028568177694
565,10.60385623770631,2.1584186239303977,0.30294248343893093
566,10.605715757059702,2.7312054337971223,0.3665965308805912
567,11.929486229852515,2.8357430405870394,0.38609140667149155
568,11.552070857715176,2.198582797194832,0.31304930400011133
569,11.472304003145322,2.804791710286366,0.37993104719339776
570,18.57026214812325,3.1069149509792835,0.4557500470222413
571,10.368986203939228,3.079431587230377,0.4038792212236484
572,9.2456123938984,3.331197660127786,0.42516648045406985
573,11.341353204745939,2.046377981640603,0.29488338608355474
574,6.703783615539602,2.908444197421783,0.36306394028221955
575,10.916095411049167,2.6822561857673572,0.36300522348436404
576,21.514308185492897,3.1805752919227506,0.48145861290506486
577,26.858948015386225,3.410735987650357,0.5388453558622592
578,21.923173471571253,2.3316682051612676,0.38956932520584275
579,15.98917271416939,3.451950032494429,0.4787236507186432
580,10.806761335485321,2.486688354644235,0.3406246664018514
581,15.31814444538077,3.2201094129286423,0.4489693659923537
582,20.773981377248557,2.0317051187939237,0.34939966425437574
583,28.483644177223283,2.3489960984173526,0.4305450675457174
584,29.440639836367065,3.137923480428272,0.5239000682799294
585,19.38710998800829,2.490650423146986,0.3921384001195557
586,9.893744698729089,2.455453963928833,0.3317195557067498
587,12.01958933373944,3.4166943088775747,0.4511778755919891
588,8.270964980457142,3.2833071973453087,0.41404384522362836
589,13.846797869753704,1.7776964469070495,0.2799432433255077
590,16.33364609822603,4.230747746346757,0.5673071668454295
591,18.23369017635601,2.819072259885475,0.4217641211957433
592,25.117640220671174,2.8941713425143094,0.4710843568309818
593,22.728660359747355,2.31220647384198,0.3922014754253828
594,12.688189573287177,2.097019691274839,0.3085271258556598
595,20.425097318812114,1.7883130881569345,0.32027941447068387
596,12.414661657446675,2.141947735513907,0.31189098841491825
597,8.338292119770506,2.0491986485254987,0.27732142991416553
598,11.485535399095617,2.4998746162122876,0.34613012838328366
599,23.400581304578637,1.9389985560597103,0.3547334584386501
600,36.24329210056402,2.1231426450574054,0.451638619890688
601,31.44982258726787,2.839024340671297,0.502648473887691
602,17.12269720484662,2.872767677415998,0.4211172252972931
603,12.51208773114152,2.8600169354960037,0.39225637218492215
604,8.771219112085358,3.127309755135725,0.3996884992536838
605,20.510816019045283,1.6973568587871686,0.31068339712146287
606,23.327714172208985,2.5991938224952262,0.42765475511182466
607,16.921341712165272,3.360198260725333,0.4740776343990366
608,6.221316534090363,1.738464192606586,0.2301943341036506
609,7.52172470487906,2.640119499201786,0.338118781884796
610,11.835392564828028,2.520616433052148,0.3505172578281832
611,15.15614718754066,3.0747569582189485,0.4318548238549268
612,18.19323982689121,1.7478459331117493,0.302498197886769
613,15.8910650424641,3.2219052210239623,0.45257914187447257
614,5.087940689501496,3.3178834280243805,0.39893907547196383
615,7.549118599550958,2.755715009668512,0.35112578638906655
616,8.802544685473103,2.1501819088980554,0.29130520030696505
617,12.626192714252628,1.7528022792032092,0.26991171781376505
618,21.63983683446001,2.2026053002873582,0.3735424748402224
619,27.492407018654664,3.8952530786192754,0.5964511774973082
620,18.193815682207394,3.4346907965906746,0.48992883265019826
621,22.724546790694937,2.5593253488076853,0.4196346426692762
622,12.348938709459034,2.910237775480586,0.39686534038747995
623,29.41764654451619,2.5672399257723724,0.46035391959682825
624,36.4938611405779,1.8413614923307071,0.42182108530208984
625,29.228633361504574,2.6379576240517286,0.4670863631575606
626,24.349013117205395,2.7884180284984974,0.45475882727684924
627,20.97899451026687,1.7627971557072433,0.3207413179571552
628,9.959786835846055,2.8299529287507483,0.3737236597571033
629,10.483674188272236,3.4105197942758454,0.44134946635766675
630,15.993004790029811,2.815983171689695,0.4080834761601435
631,37.05957826077562,2.325893226888502,0.4790253085081011
632,34.344418854977576,1.6370862598365592,0.38632953792813496
633,16.41233738268335,1.9334804422693022,0.31252364467287885
634,10.800294188277677,2.950591356534208,0.39213094946577115
635,15.172902980836389,1.3628861445778762,0.2417466925374409
636,15.677985596507902,2.6297851767796763,0.3855196958118761
637,19.195641871375237,2.542989613465152,0.3968141745400282
638,28.938924644768825,2.605167477778867,0.4617185569244504
639,11.843177675618252,3.102162456949751,0.4151798226508746
640,9.665305003667424,3.5990886036249616,0.4574303111388891
641,12.680154869830998,2.2579157767188236,0.32635664306695855
642,15.696050818080266,3.600458403758583,0.4934798076680981
643,11.110043138753413,3.0950940730168486,0.41003055060556304
644,6.54348130396496,4.331481541792159,0.5202250203417773
645,10.935733704111954,2.2475844431439227,0.3148252577944356
646,8.764155051945153,3.0472756919044905,0.39075377758429947
647,22.112621244492402,2.0602677030305894,0.36054137917299645
648,33.755044296783865,2.7750180789348122,0.5092582248228196
649,25.401858433643557,2.4178278948244243,0.4198490821648778
650,11.700746498788293,2.708919353783218,0.37063833989727196
651,10.416369127293747,2.086762779035881,0.29386472819025905
652,20.02972824732394,2.1293469050271776,0.355818673459313
653,19.341143438273978,2.961891331727709,0.4442248906578842
654,10.128482689064386,4.155250188379338,0.521983052810389
655,13.699186487410653,2.948359065421918,0.4091382284243241
656,7.157355002452822,2.979914345645564,0.37370489754664693
657,9.466992486905403,3.0071673344512044,0.39048084958330087
658,7.874146071361247,3.4503048100715987,0.43023711821050253
659,15.825511160976157,2.6847760145545108,0.3925079172578989
660,12.330430940060866,2.568521270556209,0.3587866745462903
661,15.685707673938568,1.8589213759575978,0.2999141271338118
662,35.83136405347264,3.5302352110909805,0.6055302856776048
663,23.585630190979163,3.728375847232054,0.5546546389244693
664,18.10659761921198,3.1148812353074145,0.45387528181518083
665,28.956480990710524,2.896556946299521,0.4941996665970332
666,30.262404528521298,3.105917775208214,0.5252353353119521
667,46.771646797961616,2.0505468698063587,0.5062412006012716
668,69.37366067013475,2.5204867372834396,0.6929925382902319
669,83.73174972871361,3.2833896196562,0.8632243410454127
670,81.0410603814969,2.7977644974812055,0.793249986117933
671,80.4875642595472,4.466649801015487,0.9753870667371207
672,86.11908284321918,3.208368089520636,0.8690989316325657
673,89.09982464073104,1.8994295544380628,0.7414038273228662
674,77.8952544061326,3.392430494154847,0.8405989501806929
675,62.684284153417885,3.5085282080405173,0.7629572065684973
676,28.704765374533334,2.4525804404120635,0.4433706364814991
677,15.538806905711127,2.701108102675348,0.3926160207677636
678,7.7555916698833185,2.910371119130224,0.3695388049225049
679,12.478015487748523,2.0514839884463933,0.3022165670957214
680,16.065124150811982,4.153926610003146,0.5571731401043891
681,14.829286264951893,2.5239917075745995,0.36871308416474846
682,27.03850538439279,2.3726425129025657,0.4245704303089723
683,7.70538645122304,2.909306960497418,0.3691217244871518
684,15.46641373422547,2.5255007541680135,0.37267318142080386
685,11.040686615151648,2.0143479964585955,0.28953481676019105
686,7.046239058795043,3.613649386010495,0.4434584976051048
687,6.305292456318828,2.927675933563949,0.36282882866773336
688,8.686492443721466,2.38757487046235,0.3169914088830476
689,42.071404742952765,2.8969701213432173,0.5723105972699969
690,51.618274722350655,2.4449274870839637,0.5789102449280832
691,35.805533416820296,3.1323352338379804,0.5611654233043408
692,30.10271585731551,3.0806485313817893,0.5214771137486641
693,20.597996946191138,2.7751023864246966,0.4309518342824532
694,7.6163064631378585,3.122986161166868,0.39233361987055193
695,9.977884223327848,3.2255315678975824,0.4177845644290638
696,8.385548781639072,2.7871535706493207,0.35959771091523646
697,8.029354602059676,2.875450870673416,0.3672883185791474
698,8.651509198147174,3.6949844236073224,0.4620509034056579
699,10.453182025395723,3.556333602444325,0.45736949962910584
700,6.930705264482914,2.2487816910581815,0.29111883034267244
701,5.738244444875207,3.1940822114809855,0.38905424043166825
702,8.791451590405266,2.8245940820797264,0.36617385588825485
703,15.158834909482103,3.684687477803339,0.49964087993141526
704,13.013917884500449,3.7434336410286333,0.49340086815695394
705,14.24650897236512,3.6817193347794626,0.4938805747316374
706,16.96299340985996,3.179955095343862,0.4542985427953098
707,31.955546609980413,3.1140243132091863,0.5362142884318565
708,18.887718102259587,2.695930582470866,0.4119747359625937
709,8.149286570730675,2.4480276248549644,0.32051072758744054
710,8.510305588368187,2.2754492907653834,0.30348427985707543
711,7.638967703503453,3.266262292208386,0.4083880783217857
712,9.761447223137893,2.0814571564319584,0.2893768699000066
713,7.975025616316202,2.449907492853107,0.3196823342236559
714,15.767643268540098,2.6667089931468984,0.39015601869414007
715,10.750729057230684,3.8070627263973833,0.4869994044641776
716,12.45586534654355,2.301192506303189,0.3298301118900977
717,13.048848077433183,3.0277164938530405,0.414084658508075
718,9.393818436966885,2.5551328874860038,0.3398192400994382
719,15.68402237553093,2.1256706355938073,0.3295429022219166
720,14.247037151257835,3.3295651263159427,0.4547554732687823
721,18.981021027829275,3.5175598038399403,0.503822246227231
722,14.771457185852222,1.27931724241711,0.23007170066054528
723,12.05550996735981,3.0971276389885714,0.4158842811219036
724,10.582409422521982,2.2452539538051686,0.31246319381082416
725,8.984468258296243,2.9734675410874423,0.383864260071003
726,14.469943034893605,4.135529297104012,0.5456338685367171
727,37.03628509400595,2.2940561527102554,0.4753492060194288
728,35.19255427369108,3.3609107062847223,0.5829140126448764
729,21.73973785877834,2.4916582221160337,0.4062541151087954
730,11.970219120747696,2.292398274214497,0.32596222364733113
731,20.023140232224833,2.8551920580708265,0.4364289205330174
732,18.336985838556505,4.178385957547055,0.5734138316236203
733,10.679302320606814,3.2844523272226396,0.4285064231870799
734,19.688206966879374,2.2439574526786297,0.3665203139893678
735,37.476498444319645,3.374226037480942,0.5979883996664518
736,20.378912615108806,2.6057351744864947,0.4108291817789089
737,12.128472229881496,3.5423884680085322,0.4657920057502426
738,5.672405776905735,1.4132663172394584,0.19079391090501363
739,9.405495893240218,2.305671193742332,0.3121707827962128
740,14.844359970059946,3.5437338305807673,0.48210748893393407
741,13.222867112645444,3.4667449024894577,0.4639014203915594
742,20.402042413775103,2.4736551944754117,0.39629130581735783
743,9.485070337884725,3.441998898851989,0.43890307410588403
744,11.224310923210615,3.5376540664690923,0.4598840485950416
745,16.345193658480333,2.7247828647918544,0.4000464710392556
746,11.57416097474855,3.0394020625632447,0.40660515561068916
747,22.33230786434725,3.6360359070372135,0.5369343936252494
748,19.80152811804353,2.8555969723624397,0.43515479128259366
749,11.428677138472603,2.681539122615911,0.3659766315117239
750,7.182754716408539,3.267885479144569,0.4058528789311934
751,14.908226255700978,2.7219401852229206,0.39117724035632234
752,18.080303221433354,3.3275983266003744,0.47735399990857347
753,11.221239207567601,2.6637387423679164,0.36276406189544863
754,5.0312673074887755,3.2319875283083026,0.38905774505502233
755,7.344310526468572,3.4856963538534558,0.43101572895872864
756,12.174006268108197,3.5534754006953477,0.4672949231017144
757,10.534666337328163,2.824401535619045,0.37652874009256154
758,8.302310168635904,2.7654083517205406,0.35668610754416263
759,9.30443082640553,2.8726629828734245,0.37456829269866737
760,6.68840267196944,3.5215239502767375,0.43109235958612224
761,9.101589478388453,2.509121413277479,0.3329673959894924
762,7.940546434929248,2.283095131014155,0.30094239413011986
763,9.909220521889358,3.1460249859902336,0.40854178726412926
764,15.426449835870256,3.3211275477315993,0.46083827813607203
765,6.143463546620029,3.0041640698802494,0.37036424316101996
766,14.545952109924281,2.811884419554753,0.3990146504461092
767,13.3442338696506,3.055427162034789,0.41892187040257933
768,7.48080548215604,2.4169961283428316,0.31308372943187834
769,7.372789786806712,3.933845660293599,0.4809796157477414
770,7.841563972953141,2.5267553134055407,0.3274265664078764
771,19.502033303873908,3.195011937544103,0.4710848579644672
772,38.364945227475445,2.9345554933694826,0.5544244906966614
773,37.13464300356063,3.049778328881951,0.5599038004525221
774,27.22851200263861,2.7604578859251783,0.4687920190867575
775,20.70034929339825,3.138418993818018,0.47192958637699156
776,20.624837785112113,2.618914270416672,0.41375736606878954
777,25.90483576268073,2.6197454781625575,0.4452782818752885
778,17.809676486531192,2.555705113647444,0.38997721393621115
779,4.976014897004804,3.395475352395975,0.40689417544680356
780,8.812664481820647,4.099915239621968,0.5080024739370875
781,26.386117527325105,2.592193468624511,0.4450817198907697
782,41.83783241230354,3.057046178268293,0.5887065143252679
783,45.28512171910655,3.4002827034114005,0.6473634852149961
784,32.036654163142046,3.2257444281376273,0.54911041758955
785,19.804494671168435,1.2482561710035163,0.25657902696369483
786,33.178052751761875,2.464689818740034,0.471342833541126
787,38.64250124533936,3.016578890778495,0.5651903206738369
788,17.49657286662283,3.1280966159722405,0.4517125577268134
789,17.2023363086995,3.1912703890290817,0.4569804577613632
790,7.657321407647884,2.6801396583539026,0.34337258946579796
791,10.61778677565375,2.5637126898516764,0.3480580772989189
792,7.17956185392758,2.9443067585770315,0.3698806826232073
793,8.070339426324797,3.3603453748102488,0.4214094429927546
794,5.634490741369145,2.9861916956270185,0.3653377126571834
795,7.905343170469175,2.3224154840351328,0.3051017790027281
796,7.234925004166039,3.4063872928243555,0.42155250676718653
797,5.654514305412057,2.7811593671347286,0.3426755307059146
798,7.024881509658032,3.9480607979499918,0.4804881928852651
799,10.613418976202539,3.227599732174705,0.4217973054174426
800,11.509427341114414,2.807278571936981,0.3804283374043932
801,20.462116509892503,3.5245725304327116,0.513417482606963
802,15.248714603190903,3.5082253876367187,0.48056897920085107
803,7.648516131663771,2.617857077987552,0.3363998904013774
804,11.039306564870001,3.3380410398772282,0.43660360699947376
805,12.797673537645354,1.2403266547201266,0.2139907009469507
806,13.137488392722135,3.0346444842928935,0.41538205614795326
807,30.54279315931541,3.280652630551456,0.546319299184182
808,15.499393136358686,2.0835182647216333,0.32376032189184034
809,22.79130183875665,2.2762768277745495,0.38858215847548555
810,28.46713481341066,2.873982842964599,0.4887786580282728
811,24.20619964202018,1.8936723658753003,0.35449256233150267
812,5.9630168131890295,3.3714137938199418,0.41009568034421395
813,10.007329302825086,2.9241764852442613,0.3844759346868133
814,21.376171179542897,3.5605153249723562,0.5228519280497631
815,21.088484584465238,2.7072866685086296,0.4263363237894424
816,10.488187567253052,1.8276727741404197,0.2655044405825846
817,10.593781533919344,2.3519424713572277,0.32438516467810075
818,15.25155081280329,3.0806418526000643,0.43307657973018543
819,4.986887160546046,3.925100887952879,0.4658061730297606
820,15.790765555647905,2.643828461385134,0.38775137004863336
821,24.293209094008816,3.533063096551691,0.537165001366907
822,11.23589523451595,2.6239654834597177,0.35843204916129373
823,23.496728407635786,3.8833999125102854,0.5713503577846891
824,24.655623271304336,2.6702075220636896,0.44344938700293574
825,13.266389456888376,3.356221821400988,0.45188013962127066
826,14.37559892374454,4.127582886549193,0.5441893619404532
827,12.201560100006134,3.172637903882559,0.4251436565822255
828,13.104466607026836,3.0719894542206867,0.41933493900285507
829,30.520349033880105,3.362135977630282,0.5552394084304287
830,47.020874710101765,3.4895132783197083,0.6676098565797797
831,59.73484002574238,2.3184610829001775,0.6131713109516608
832,70.66307843588218,2.55119246195355,0.7040793912242963
833,69.36025320315484,3.796584479326273,0.8347013699439203
834,57.737473842606065,2.269850759501599,0.5958810794839439
835,55.20744942552639,2.5296578469873094,0.6096888644997391
836,61.6009079838126,2.8431010345287966,0.6825721862798618
837,68.42144354876613,2.8828159824166435,0.7275833842492667
838,61.4000596593318,2.6686590565361383,0.6619942185397205
839,50.1327045428045,3.770569348117578,0.7173611054027735
840,65.84586272230922,2.0578179934475194,0.6205861027777555
841,38.73460331756459,2.728569600061357,0.5337375149923209
842,40.63173065110376,3.9489652475665045,0.6806294559861816
843,48.87384564613405,2.9660467744974697,0.6204765006155961
844,56.17350768567927,4.186103764228258,0.7994887576464687
845,49.87565310047211,2.6624361786890183,0.5927051295793677
846,20.024914360412666,3.104030097959992,0.46408815191864594
847,20.23750878563529,2.453286561591036,0.393048757551595
848,24.747382909429803,3.00892103200162,0.481630409762659
849,23.603532100217357,3.4119231525890203,0.5195997873921373
850,10.500032572159022,3.5514969005354797,0.45711096060806333
851,11.36629571099943,2.3965457825509997,0.33393938681717117
852,9.004849518503063,3.0354082430062994,0.39086787730924993
853,10.504117219011269,1.981179023425937,0.2826555098589013
854,8.203713871698973,2.1491575704896473,0.2876269157986452
855,7.342246659860017,2.4507045154049316,0.31600435087749246
856,5.793956240845201,2.6400733625071213,0.3278293194899492
857,8.605200991663732,3.0231392567451705,0.38712579633476335
858,14.57319351329487,3.0706910236778437,0.42793309100365845
859,29.41540031872161,3.0491218287049744,0.5138829828643718
860,16.683606788331044,3.9764923259149336,0.54113966392109
861,41.58711251922674,2.512060975689373,0.5266602226116768
862,40.44361787915591,3.1934479378213467,0.5955633693560776
863,39.76165014501266,1.780685917507203,0.43453047979254233
864,32.168865290011205,2.711481358309977,0.49275704749085775
865,35.90390731947434,1.7201951014657104,0.4048465230962357
866,28.150437937666084,2.6456826924365577,0.46152687418540767
867,14.737816953348254,2.7295818359284247,0.3910119715715011
868,13.0627904377226,2.5550289401023774,0.36164680944226374
869,26.077699253031135,2.8181612847175876,0.46835343195094903
870,40.38926977082934,3.2548776120090945,0.6020653880654708
871,45.9381184480049,2.18235097703076,0.5159246231304311
872,42.0699946847172,1.9710762266760804,0.4694251046587542
873,24.932016095612216,2.4632095357588892,0.42209480612963185
874,15.270768991736706,2.4281138096997874,0.3606878577745996
875,8.570565872916436,1.7650680716912126,0.24713394768543095
876,8.33378155058027,2.693923466141598,0.34893067213426643
877,13.560238597482728,2.24278241941611,0.3299137525391872
878,25.42585740210023,2.6249258048737687,0.4430028120619677
879,22.303490908277784,3.478990177749653,0.5193133386484403
880,14.195310820238237,3.1813833201502804,0.4379829333117667
881,14.37995268442599,2.41993515550605,0.35447664040003324
882,15.736966226396904,3.252895470012217,0.4551052480156247
883,10.911452070583119,3.190460441177168,0.41944472404299754
884,8.628841305789885,3.3426957739865095,0.4227727921837583
885,14.547606106723698,2.6352770596043276,0.3794014556706616
886,4.733614836066045,1.8924227363521113,0.23844547171411976
887,9.788106686007135,2.5145613981793824,0.33765825070648176
888,18.725190897206776,3.444848128473659,0.4942203727899707
889,33.25742790300229,2.306943663955766,0.4542879541478765
890,32.9666383067326,2.677850073699434,0.4937688869987422
891,33.39148429201382,3.2820166412658915,0.563427350767721
892,29.25718488973607,2.747474924474716,0.4794249016662545
893,30.541127353254538,2.4201576505411646,0.4506988303374382
894,28.419666458551614,3.3892755246982853,0.5457508507118229
895,16.533026455013886,3.675754045261558,0.5068279878962081
896,16.76573787987933,2.7597953327752314,0.40643998467272013
897,21.04229646854843,3.2638524902308226,0.4879020413860542
898,14.815215633148505,4.467675168014025,0.584594159341728
899,12.793415153481185,3.1658795012545884,0.4279156697037708
900,22.456878657848513,1.8542442950540323,0.33969904066780027
901,28.67448634808145,2.3075870949791146,0.42708003246641824
902,32.942992275901936,2.7756814820063207,0.5044982932937694
903,37.31866151835911,2.6431570492654495,0.5158190065752827
904,9.23264778126718,2.849576645356883,0.3715758640551329
905,9.943178969139279,3.1166870296501097,0.4054841479520317
906,15.984072425943351,2.7753934270202456,0.4035203356963567
907,9.303095359903608,2.506990200804574,0.3339300343745376
908,12.741086834130726,2.065849446461015,0.30537862996866866
909,6.384065245234483,3.0668935509832598,0.3787663384737421
910,11.483633441138922,3.569380962621892,0.464952845694926
911,22.339077730310503,2.8651228725343607,0.4513176866128089
912,12.191990044435448,4.635050367694547,0.587576965722621
913,17.868148678251345,3.5499937075095715,0.5008017731255754
914,14.004279905444623,2.532379092708798,0.3647342637064019
915,16.141131364882803,3.1129630710865634,0.44196294856249196
916,17.33165553203296,2.5224297416801145,0.3834345875598914
917,7.630785704136134,2.2251446182898085,0.2926596343980906
918,11.334413809889877,2.412436994559689,0.3355153038194687
919,8.655287830397556,2.7871817536723467,0.3612064319381827
920,7.298056902992508,3.136013557138533,0.39188676569193526
921,8.253968008539468,3.574417791986469,0.446288294398533
922,13.032423572120605,2.8325382257238023,0.39230041935891813
923,11.035078758204339,2.805820384346323,0.3774428130912839
924,7.948465997089252,3.0362983784199873,0.3846787840928314
925,7.461013099151913,3.7782804312234624,0.4642197290594635
926,12.504950891556424,3.5019252094175095,0.4635370325437496
927,13.12690435049549,2.7789101777654306,0.3869041329491083
928,17.669699339221047,3.271340697971343,0.46865908155567126
929,12.24093315274174,2.536246178586191,0.3546678282917697
930,8.64531671800083,2.4948890501842786,0.3286701130244486
931,22.253059063432783,3.2174038443772046,0.48994800094329716
932,38.38472551275321,2.283844026840295,0.4822409564311828
933,53.04453602414128,2.9604816104274647,0.644683687016591
934,47.24919178139984,2.942963695295612,0.608241155318956
935,27.83438315806942,2.3283413332368132,0.4243854447132337
936,26.56368057574455,4.212290648460035,0.626149440557531
937,11.614068876322543,3.705507068502569,0.48085436997045927
938,9.279422358561831,2.7441898763398718,0.3601446431561871
939,16.770380732178133,3.2279973775257105,0.4584900701150281
940,21.58359824867072,3.5144810635461425,0.5189716950488018
941,24.889156252792823,3.24245634557054,0.5084226668855728
942,25.980228755055602,2.9404743873001244,0.4813635951467733
943,28.36567711289759,2.3911056860391997,0.434521725708111
944,44.990245845696776,3.035925462509341,0.6051241338047885
945,27.95031768857989,1.546014152635076,0.33815028891528554
946,20.883985528755765,1.4427350764711264,0.28461333505684594
947,10.857165409029903,3.262461246651632,0.42712167864996253
948,12.718512213182285,3.9924635137184294,0.5193124869201962
949,16.88917015008548,2.2257548577035604,0.34783687000328534
950,7.397983618440047,3.3568095947706214,0.4170144606398312
951,11.048550165716131,1.966666359661982,0.284283663964721
952,9.352730018601816,3.4734699034150687,0.4416121123949391
953,12.017637854204672,2.6719134787641776,0.3684128340742221
954,11.660607596400476,3.317221381485868,0.4379885320484326
955,8.781632609986662,2.8578906667719406,0.36981503009759653
956,12.805749592439014,2.618840000686909,0.36720692225353957
957,10.976541329315003,3.015935803895927,0.40044053374229543
958,12.664879990599605,2.9045979223802387,0.39811929290692893
959,8.618213937261414,2.0551815185297393,0.2796523945425588
960,16.224128855639133,3.276788948051946,0.4606598564639412
961,14.800814323705518,2.124696248555543,0.3241774462107678
962,26.08895947184113,3.035082947923893,0.49252286408583607
963,20.465585061447168,2.6480065221208395,0.41604190560140575
964,14.47086097412601,4.149922936841662,0.547238625764903
965,14.080810101073077,2.0940995039090597,0.31649206849628286
966,11.369842542501848,2.7074454398469894,0.3685049052756685
967,8.036585437780332,2.909036429395937,0.37106308801490767
968,23.450682505098236,2.6874638255057994,0.43819448758654655
969,25.317571726184067,3.2275243796712454,0.5093136516669483
970,19.14176004713902,1.7918562671516132,0.3130341886942607
971,16.955701956721803,3.3297813721676466,0.4709025053800667
972,21.55976792330687,3.0658882180014286,0.46898619836904887
973,17.891716526214438,2.875583182133204,0.42600755511528315
974,14.680504626659554,2.562880251545915,0.3721484285050593
975,24.956610047198268,3.5459755807377853,0.5425485370295848
976,21.590666716491988,3.0346296932833616,0.4656969503439369
977,6.463742264574711,2.3882138276212936,0.30383174829467574
978,19.24735088184334,2.768166738271631,0.42214164680305816
979,18.297542936725847,3.1635904630626,0.4604239975033395
980,10.949689530946891,2.512868322108942,0.3443843147439314
981,11.567139193391668,2.931267487410421,0.3945484064983305
982,10.122606795129514,4.002613973988617,0.5049884978745062
983,23.25820901669306,2.2060599946862065,0.38355949752481494
984,14.185420939449866,2.215387888678771,0.33059123925468403
985,7.171938247301871,3.068576307494575,0.3836430316698448
986,10.4600314818591,3.5099713956222387,0.4522589138897275
987,10.496582958981923,2.5190331290960666,0.34237223036969344
988,7.341365942193608,4.099641217590967,0.4992142976422122
989,12.093982722416557,3.0074370276565237,0.40614766213495035
990,4.862521566514025,2.732141782375939,0.3325148899059418
991,8.654934693796168,3.253681749646089,0.4130376628205744
992,7.155833816162477,1.9463236740272778,0.25885243490875987
993,8.693951251688825,2.743884810211499,0.356625799854981
994,8.85992688949039,2.2394939344796083,0.3015703194431135
995,21.67897794118153,3.4088947629552715,0.5078076201369837
996,7.428774500631049,2.8126875641596496,0.35673973629927286
997,6.988879598964571,2.852288705103525,0.3585214410370855
998,7.338730146357656,2.018299601671365,0.2679384288346615
999,9.760269294048037,2.88481412764593,0.3786317441077702
1000,12.584769922220561,3.64888535477903,0.4803410508616813
